{
  "mission_timestamp": "2026-03-01T20:07:16.720709",
  "total_waypoints": 52,
  "total_distance_km": 17086.308763317258,
  "waypoints": {},
  "statistics": {
    "population": {
      "min": -99999,
      "max": 1272,
      "mean": -28573.923076923078,
      "median": 51.5
    },
    "altitude": {
      "min": 100,
      "max": 500,
      "mean": 288.46153846153845
    },
    "leg_length": {
      "min": 1.09,
      "max": 1106.57,
      "mean": 328.6774999999999
    }
  },
  "risk_summary": {
    "LOW": 25,
    "HIGH": 23,
    "MEDIUM": 4
  }
}