{
  "mission_timestamp": "2026-03-01T22:24:25.704204",
  "total_waypoints": 33,
  "total_distance_km": 132.52920338443812,
  "waypoints": {},
  "statistics": {
    "population": {
      "min": -99999,
      "max": 1272,
      "mean": -29909.60606060606,
      "median": 279.0
    },
    "altitude": {
      "min": 100,
      "max": 500,
      "mean": 356.06060606060606
    },
    "leg_length": {
      "min": 1.9,
      "max": 9.16,
      "mean": 4.165151515151515
    }
  },
  "risk_summary": {
    "HIGH": 20,
    "LOW": 10,
    "MEDIUM": 3
  }
}